group,report_date,ratio,n_nonnull,p50,p75,p90,p95,p99
all_banks,2014-03-31,demand_dep_to_assets,6794,0.13170138204660511,0.18927797593778325,0.25539701414356164,0.30526799554516804,0.4356298341970586
all_banks,2014-03-31,demand_plus_mmda_to_assets,6794,0.281535580007816,0.3810835009340776,0.5004737176158742,0.5790912477577576,0.7308315466027497
all_banks,2014-03-31,htm_ac_minus_fv_to_equity,6793,0.0,0.0,0.00141704014551598,0.011406957571964612,0.07153406116891933
all_banks,2014-03-31,htm_to_assets,6794,0.0,0.01297281885152524,0.10850186826811804,0.20452842125702475,0.45675796828743165
all_banks,2014-03-31,htm_to_total_securities,6607,0.0,0.10781151766234096,0.6792899794116906,1.0,1.0
all_banks,2014-03-31,nonmaturity_dep_to_total_dep,6728,0.9633780313752178,0.9814883889400666,0.9927109693743017,1.0,1.0
all_banks,2014-03-31,total_ac_minus_fv_to_equity,6793,0.0016899028305872412,0.023776223776223775,0.06788674375594252,0.11457909088741142,0.31788350767037893
all_banks,2014-03-31,total_securities_to_assets,6794,0.21171107315930748,0.33407549517614754,0.4660336127628718,0.5460186765607816,0.7336561845462011
all_banks,2014-03-31,transaction_dep_to_assets,6794,0.24957493781647594,0.344874136051904,0.42200030084817114,0.472214476268455,0.5744986334217758
all_banks,2014-03-31,uninsured_dep_to_assets,696,0.18533384379368556,0.28180969530159294,0.3891185480707546,0.4477390056672824,0.6217595893738777
all_banks,2014-03-31,uninsured_dep_to_total_dep,692,0.2316584093545795,0.36097771755782787,0.5,0.6191967298852104,0.9196024768757498
all_banks,2014-06-30,demand_dep_to_assets,6721,0.13211382113821138,0.18874400111674297,0.2576177350028032,0.3107746612272053,0.43589230375540444
all_banks,2014-06-30,demand_plus_mmda_to_assets,6721,0.2794697472589649,0.3825990593065062,0.49863940767745973,0.5773463567751032,0.7242347276688338
all_banks,2014-06-30,htm_ac_minus_fv_to_equity,6721,0.0,0.0,0.0,0.003505782903574588,0.04296990246369214
all_banks,2014-06-30,htm_to_assets,6721,0.0,0.014029829186378245,0.10805673606254595,0.20855878919740786,0.4670058036966347
all_banks,2014-06-30,htm_to_total_securities,6537,0.0,0.11051790272855239,0.6828509286505259,1.0,1.0
all_banks,2014-06-30,nonmaturity_dep_to_total_dep,6657,0.9629796279343997,0.9813335899162898,0.9926184512763024,1.0,1.0
all_banks,2014-06-30,total_ac_minus_fv_to_equity,6721,-0.003353747448235637,0.005923000987166831,0.03341500286712193,0.0658793135264809,0.17690013351769426
all_banks,2014-06-30,total_securities_to_assets,6721,0.21189239752547095,0.33433217258746695,0.4694348147454116,0.550827489481066,0.7374146278168522
all_banks,2014-06-30,transaction_dep_to_assets,6721,0.24939236728022174,0.3391643776203557,0.41739455578821416,0.47079694323144106,0.5639728122837119
all_banks,2014-06-30,uninsured_dep_to_assets,685,0.18095939314010262,0.28096424652819063,0.3911822644762049,0.4602824996572836,0.618426974813109
all_banks,2014-06-30,uninsured_dep_to_total_dep,681,0.23546421415785304,0.3674208588957055,0.5009769267405156,0.6299740194854232,0.9130929073534848
all_banks,2014-09-30,demand_dep_to_assets,6651,0.13386491242370338,0.19232128509098903,0.26063612258090046,0.31192687843966727,0.43905495668213546
all_banks,2014-09-30,demand_plus_mmda_to_assets,6651,0.2809492470287639,0.38354430396116723,0.5047523202504752,0.5845174039378049,0.7319056325314242
all_banks,2014-09-30,htm_ac_minus_fv_to_equity,6649,0.0,0.0,0.0,0.003449515125413948,0.03554291868121995
all_banks,2014-09-30,htm_to_assets,6651,0.0,0.014031616369031916,0.10571010894238468,0.205678068878306,0.4710942445829419
all_banks,2014-09-30,htm_to_total_securities,6468,0.0,0.11103911806744898,0.6723957765882581,1.0,1.0
all_banks,2014-09-30,nonmaturity_dep_to_total_dep,6590,0.9627255072103955,0.9814435040195241,0.992793086006911,1.0,1.0
all_banks,2014-09-30,total_ac_minus_fv_to_equity,6649,-0.0023175431394101523,0.006582945108365404,0.030290419565328495,0.05862089870655672,0.16040670536739296
all_banks,2014-09-30,total_securities_to_assets,6651,0.20953480818506623,0.329766315534476,0.46724327115471503,0.5449635443269683,0.7258707803980939
all_banks,2014-09-30,transaction_dep_to_assets,6651,0.24861384711478404,0.33800399383065804,0.4183627876564288,0.471758716726723,0.5722385102255613
all_banks,2014-09-30,uninsured_dep_to_assets,680,0.19172895358334877,0.28549613863521606,0.39515854648470927,0.46606348538353815,0.6439190228022373
all_banks,2014-09-30,uninsured_dep_to_total_dep,677,0.2419630136406596,0.36392423067156404,0.5132906943958397,0.6383694121565661,0.9261083026514518
all_banks,2014-12-31,demand_dep_to_assets,6570,0.14013817799263983,0.2014100165793738,0.266766020919355,0.320003012964112,0.45523356931541953
all_banks,2014-12-31,demand_plus_mmda_to_assets,6570,0.2840170722392934,0.3889152632944684,0.5098179546226118,0.5827623578639297,0.7258793793628687
all_banks,2014-12-31,htm_ac_minus_fv_to_equity,6568,0.0,0.0,0.0,0.0009032979661485921,0.020399869145640678
all_banks,2014-12-31,htm_to_assets,6570,0.0,0.013609598746177575,0.10233595570513322,0.20052959275252913,0.4584093999927253
all_banks,2014-12-31,htm_to_total_securities,6388,0.0,0.11461003852592211,0.6687578653508996,1.0,1.0
all_banks,2014-12-31,nonmaturity_dep_to_total_dep,6510,0.9629909823164924,0.9814243267323675,0.9929277156165366,1.0,1.0
all_banks,2014-12-31,total_ac_minus_fv_to_equity,6568,-0.006542360422734221,0.0008662016187574412,0.013972929304472314,0.029509478678299658,0.08221494070989227
all_banks,2014-12-31,total_securities_to_assets,6570,0.20204852917797456,0.32091098741921725,0.45729408322821213,0.5344797189772491,0.7260918829025579
all_banks,2014-12-31,transaction_dep_to_assets,6570,0.259293767056698,0.3500086142947971,0.4315882566698498,0.4807758340317232,0.582370876693008
all_banks,2014-12-31,uninsured_dep_to_assets,676,0.1988032630666856,0.29567148061970727,0.4045360681339595,0.4680326434986898,0.6521807326844034
all_banks,2014-12-31,uninsured_dep_to_total_dep,674,0.2547151474406719,0.37668226683521755,0.5132458798024001,0.6323440348178692,0.926992244795145
all_banks,2015-03-31,demand_dep_to_assets,6480,0.13815754104722747,0.19991501369036452,0.2681884930473962,0.319359023777917,0.456967837108298
all_banks,2015-03-31,demand_plus_mmda_to_assets,6480,0.2865755845156219,0.3924687950311294,0.5131141546422632,0.5871216394752359,0.7416100495286513
all_banks,2015-03-31,htm_ac_minus_fv_to_equity,6478,0.0,0.0,0.0,0.0,0.00570651501450708
all_banks,2015-03-31,htm_to_assets,6480,0.0,0.01336778017260578,0.09958458490690036,0.1993824733587419,0.44532802354216494
all_banks,2015-03-31,htm_to_total_securities,6294,0.0,0.11776923502810373,0.6719702923943088,1.0,1.0
all_banks,2015-03-31,nonmaturity_dep_to_total_dep,6420,0.9635422675720113,0.9816073466525853,0.9929547442304772,1.0,1.0
all_banks,2015-03-31,total_ac_minus_fv_to_equity,6478,-0.014977853422645872,-0.0024336739791474705,0.0009011953849286693,0.007496565618481346,0.03588381933534748
all_banks,2015-03-31,total_securities_to_assets,6480,0.199962601351575,0.3190761393742474,0.4585216749156564,0.5410679576356917,0.7361403169279451
all_banks,2015-03-31,transaction_dep_to_assets,6480,0.2603483885578496,0.3534134244805932,0.43343428967833586,0.48298469600865473,0.5854451850981477
all_banks,2015-03-31,uninsured_dep_to_assets,700,0.19855304884453945,0.2973610089944355,0.41209987459078345,0.47292030542141666,0.6683748952526279
all_banks,2015-03-31,uninsured_dep_to_total_dep,698,0.25269217030687685,0.3765197571919818,0.5197318053684435,0.6423706090134497,0.9264522505737538
all_banks,2015-06-30,demand_dep_to_assets,6408,0.13805195391741534,0.1991785680525408,0.2688164367833572,0.32194250606735403,0.4526540161717504
all_banks,2015-06-30,demand_plus_mmda_to_assets,6408,0.2850343088876137,0.3920607505997163,0.5128566615078971,0.5863914948698675,0.7319466352862017
all_banks,2015-06-30,htm_ac_minus_fv_to_equity,6408,0.0,0.0,0.0,0.0021729315513944244,0.023102500218333884
all_banks,2015-06-30,htm_to_assets,6408,0.0,0.013130044392918242,0.10020456675594662,0.19641736077292946,0.4498781505159578
all_banks,2015-06-30,htm_to_total_securities,6231,0.0,0.11820138755469502,0.6741464090310963,1.0,1.0
all_banks,2015-06-30,nonmaturity_dep_to_total_dep,6348,0.962694258868479,0.9812779825676093,0.9927560579531547,1.0,1.0
all_banks,2015-06-30,total_ac_minus_fv_to_equity,6408,-0.0025665812805665314,0.003570253299412942,0.020730174765278532,0.03980911434168773,0.10403883597263004
all_banks,2015-06-30,total_securities_to_assets,6408,0.19769879085994588,0.31674879585050464,0.4594743034825113,0.5428680211480674,0.7261753431346883
all_banks,2015-06-30,transaction_dep_to_assets,6408,0.2584286514437577,0.34975657193731646,0.4279555081102213,0.47779535660219935,0.5747636624981236
all_banks,2015-06-30,uninsured_dep_to_assets,702,0.2000007352023653,0.3025258121389004,0.4071347016069217,0.46855412361561977,0.6531456532593111
all_banks,2015-06-30,uninsured_dep_to_total_dep,700,0.2573387530448542,0.38117576721185153,0.5220033609888518,0.6291321338477446,0.920711343538454
all_banks,2015-09-30,demand_dep_to_assets,6328,0.13948178466416772,0.20176278324276428,0.27223808466745747,0.32544820333641916,0.46029972448079604
all_banks,2015-09-30,demand_plus_mmda_to_assets,6328,0.28601606180760886,0.3928257945357206,0.5178218187266592,0.5945942215771418,0.7417612147589936
all_banks,2015-09-30,htm_ac_minus_fv_to_equity,6328,0.0,0.0,0.0,0.0,0.007585622109615323
all_banks,2015-09-30,htm_to_assets,6328,0.0,0.012587354795076632,0.09779331784786861,0.19318944398669366,0.43754228906958426
all_banks,2015-09-30,htm_to_total_securities,6148,0.0,0.11473424501385528,0.6767006826801429,1.0,1.0
all_banks,2015-09-30,nonmaturity_dep_to_total_dep,6269,0.9622701019140926,0.9810913646698529,0.9928773696032946,1.0,1.0
all_banks,2015-09-30,total_ac_minus_fv_to_equity,6328,-0.009814845191819497,-0.0008529128068965666,0.004387125333127394,0.014282096403144144,0.05287468765125415
all_banks,2015-09-30,total_securities_to_assets,6328,0.1930132086703633,0.3120958640919839,0.4530704515035659,0.5350418288631533,0.7361117146871566
all_banks,2015-09-30,transaction_dep_to_assets,6328,0.2589035980778215,0.3507476696137243,0.4291089873187543,0.47940184142147996,0.576210253434307
all_banks,2015-09-30,uninsured_dep_to_assets,696,0.2132033295107001,0.310811750614084,0.41996182122300885,0.4873755259439861,0.6711340106766338
all_banks,2015-09-30,uninsured_dep_to_total_dep,694,0.2620558672627361,0.3885689690973534,0.5353800537473593,0.647328425321877,0.9157569183905953
all_banks,2015-12-31,demand_dep_to_assets,6238,0.14674869096786747,0.21080335537123326,0.2803324646618331,0.32917803663943324,0.46567012014213255
all_banks,2015-12-31,demand_plus_mmda_to_assets,6238,0.29092072197310165,0.3966778475500635,0.5207774239620522,0.5927514666651058,0.7351324886339781
all_banks,2015-12-31,htm_ac_minus_fv_to_equity,6238,0.0,0.0,0.0,0.0012874457011530862,0.01260317178427935
all_banks,2015-12-31,htm_to_assets,6238,0.0,0.012429286571759334,0.09632076905236256,0.1852899350121492,0.4327490911639562
all_banks,2015-12-31,htm_to_total_securities,6067,0.0,0.11829853795664905,0.6631835422678795,1.0,1.0
all_banks,2015-12-31,nonmaturity_dep_to_total_dep,6182,0.9628124978321644,0.9812814042454486,0.9926550190278924,1.0,1.0
all_banks,2015-12-31,total_ac_minus_fv_to_equity,6238,-0.003170607543146633,0.0024606618163560204,0.013338616181332242,0.024743868174009708,0.06770679799425629
all_banks,2015-12-31,total_securities_to_assets,6238,0.18925514978421867,0.3070744205913029,0.44642359529693165,0.5272384261953964,0.7225018070757078
all_banks,2015-12-31,transaction_dep_to_assets,6238,0.2709064720948148,0.36320694205867265,0.44250394809132226,0.4879168135014387,0.5851419180732852
all_banks,2015-12-31,uninsured_dep_to_assets,686,0.212887494508129,0.31396570494174925,0.42245321996586793,0.4744467226873471,0.6797504274829697
all_banks,2015-12-31,uninsured_dep_to_total_dep,684,0.2642597223809902,0.3933327340615717,0.5341845334754594,0.6406237964074372,0.912013047476594
all_banks,2016-03-31,demand_dep_to_assets,6176,0.14370880063483454,0.20590227199721678,0.2751509039285379,0.3248646898385685,0.4538725960811102
all_banks,2016-03-31,demand_plus_mmda_to_assets,6176,0.29018435010429655,0.39700104515529,0.5208584295127736,0.5934740055020038,0.7426045468539217
all_banks,2016-03-31,htm_ac_minus_fv_to_equity,6175,0.0,0.0,0.0,0.0,0.0019435130945195938
all_banks,2016-03-31,htm_to_assets,6176,0.0,0.011907228716416104,0.09333815201534854,0.18679692775357923,0.4263036791124799
all_banks,2016-03-31,htm_to_total_securities,6008,0.0,0.1099043833036015,0.6614774630840495,1.0,1.0
all_banks,2016-03-31,nonmaturity_dep_to_total_dep,6122,0.9618795720505353,0.9813700863404651,0.9926774946409914,0.9999990219420472,1.0
all_banks,2016-03-31,total_ac_minus_fv_to_equity,6175,-0.013595912986156889,-0.00250347733655882,0.00015784897609973572,0.004273369534055533,0.030857638643064653
all_banks,2016-03-31,total_securities_to_assets,6176,0.1866561637009177,0.3037617985686365,0.4429056056458286,0.5258417105368889,0.7262400913554028
all_banks,2016-03-31,transaction_dep_to_assets,6176,0.2673823891747944,0.3595456719283088,0.438575948307234,0.4823215579764661,0.5852275287697312
all_banks,2016-03-31,uninsured_dep_to_assets,721,0.21550949829476854,0.31405335088136194,0.41899796949823614,0.4862561023888012,0.6646492734217121
all_banks,2016-03-31,uninsured_dep_to_total_dep,719,0.2651207663353782,0.3912264038610075,0.5273246161522342,0.6377279104385031,0.9208626519263803
all_banks,2016-06-30,demand_dep_to_assets,6112,0.14238336597553453,0.20566513269681325,0.276621764115312,0.3265785676757477,0.4568343664345383
all_banks,2016-06-30,demand_plus_mmda_to_assets,6112,0.2886360093798651,0.39661478473357975,0.5178344328923641,0.5940877893595599,0.7431700571613915
all_banks,2016-06-30,htm_ac_minus_fv_to_equity,6112,0.0,0.0,0.0,0.0,0.00040530374718940494
all_banks,2016-06-30,htm_to_assets,6112,0.0,0.011008683858545068,0.0887165068701203,0.17616215910688401,0.43262030106478916
all_banks,2016-06-30,htm_to_total_securities,5944,0.0,0.10520531751062366,0.6573998522012908,1.0,1.0
all_banks,2016-06-30,nonmaturity_dep_to_total_dep,6058,0.9613281490518815,0.981236436597446,0.9923971707412353,1.0,1.0
all_banks,2016-06-30,total_ac_minus_fv_to_equity,6112,-0.02211605515797818,-0.0066081472018108085,-0.0002617527542315469,0.0,0.009753053585348411
all_banks,2016-06-30,total_securities_to_assets,6112,0.1840801996693379,0.3020610596362431,0.4382046224449253,0.5232237560006286,0.7256856607082671
all_banks,2016-06-30,transaction_dep_to_assets,6112,0.266888853078375,0.35704238302822505,0.4346008854977303,0.4802090995115419,0.5827605624478868
all_banks,2016-06-30,uninsured_dep_to_assets,715,0.21380214740584597,0.3167445951363058,0.41751174280109643,0.4884202642690839,0.6792644497596151
all_banks,2016-06-30,uninsured_dep_to_total_dep,713,0.271387298898878,0.3958475569639782,0.5324830028820097,0.6204909253677238,0.9292825945808068
all_banks,2016-09-30,demand_dep_to_assets,6034,0.1448951751117804,0.2086930572862587,0.28069402719419034,0.3305262929766211,0.4553253052782666
all_banks,2016-09-30,demand_plus_mmda_to_assets,6034,0.2919622894521602,0.40127928265677354,0.5238495121942138,0.6039117579071488,0.7507394037486966
all_banks,2016-09-30,htm_ac_minus_fv_to_equity,6034,0.0,0.0,0.0,0.0,0.0014319745762203027
all_banks,2016-09-30,htm_to_assets,6034,0.0,0.009691730339166994,0.08628032556509127,0.17020195615728873,0.42119981769440296
all_banks,2016-09-30,htm_to_total_securities,5860,0.0,0.09622776231420789,0.6473979752184756,1.0,1.0
all_banks,2016-09-30,nonmaturity_dep_to_total_dep,5980,0.9606778532834126,0.9811224938219536,0.992473961395205,1.0,1.0
all_banks,2016-09-30,total_ac_minus_fv_to_equity,6034,-0.01785352227442971,-0.004510404172579201,0.0,0.00040751615625849846,0.014166210257947518
all_banks,2016-09-30,total_securities_to_assets,6034,0.17694260091813457,0.2948729080429108,0.4346276374400607,0.5215197215076955,0.7259650629079936
all_banks,2016-09-30,transaction_dep_to_assets,6034,0.26814267837791667,0.3591007977973363,0.43783828257714,0.4824376317349641,0.5871401720510347
all_banks,2016-09-30,uninsured_dep_to_assets,709,0.21708647791701915,0.312059082042544,0.42025824214456864,0.4886762145375103,0.6749966558877746
all_banks,2016-09-30,uninsured_dep_to_total_dep,707,0.2720061740506743,0.39591365517409277,0.5294130717679366,0.6270508681204049,0.9469883412172883
all_banks,2016-12-31,demand_dep_to_assets,5966,0.15021684635737217,0.2155916533552045,0.2867929876085139,0.33857212163133305,0.4648599405535918
all_banks,2016-12-31,demand_plus_mmda_to_assets,5966,0.29775487731405914,0.4091312914036104,0.5316503756677712,0.6048860210638959,0.755470984090987
all_banks,2016-12-31,htm_ac_minus_fv_to_equity,5963,0.0,0.0,0.003580005665042722,0.011860437141712102,0.051713214500369226
all_banks,2016-12-31,htm_to_assets,5966,0.0,0.009617092509953585,0.08452104250580739,0.17477093225415785,0.4153932730820762
all_banks,2016-12-31,htm_to_total_securities,5798,0.0,0.0993717901971092,0.6374125649582872,1.0,1.0
all_banks,2016-12-31,nonmaturity_dep_to_total_dep,5912,0.9610982100040025,0.9813046552034312,0.9924264037327672,0.9994121689199902,1.0
all_banks,2016-12-31,total_ac_minus_fv_to_equity,5963,0.009106584761288932,0.026955021157606535,0.05656429193094431,0.0823504855990885,0.16139030857612258
all_banks,2016-12-31,total_securities_to_assets,5966,0.17874928560728343,0.29539142821016745,0.43022875571697994,0.5184817462317226,0.7190440792250328
all_banks,2016-12-31,transaction_dep_to_assets,5966,0.27591146152970975,0.3697423477199987,0.4477043309321399,0.49366972503610884,0.5881904823847606
all_banks,2016-12-31,uninsured_dep_to_assets,704,0.21887437532862902,0.3262732355056915,0.4262479381549134,0.49189136147502865,0.6750271488593077
all_banks,2016-12-31,uninsured_dep_to_total_dep,702,0.27329127130882364,0.4066846026327007,0.5446838271381889,0.6293855148135363,0.9365453508480508
all_banks,2017-03-31,demand_dep_to_assets,5908,0.14986128666004978,0.21427582695040231,0.2862439996981204,0.340847138445811,0.4757801758256476
all_banks,2017-03-31,demand_plus_mmda_to_assets,5908,0.298340616227565,0.4108719788421639,0.5357638775038658,0.6104517559955721,0.7580908927424401
all_banks,2017-03-31,htm_ac_minus_fv_to_equity,5907,0.0,0.0,0.0015759300643112572,0.007830631065980571,0.03723906730855733
all_banks,2017-03-31,htm_to_assets,5908,0.0,0.00969610701433867,0.08328419660383082,0.1747923768233041,0.426178223238193
all_banks,2017-03-31,htm_to_total_securities,5738,0.0,0.09606004890120219,0.6220853046330903,1.0,1.0
all_banks,2017-03-31,nonmaturity_dep_to_total_dep,5854,0.9611045402620495,0.9808846686188682,0.9922030657112891,0.9983854335708106,1.0
all_banks,2017-03-31,total_ac_minus_fv_to_equity,5907,0.0036793953858393,0.017595450851645406,0.03979880339584922,0.062010734087931334,0.1239063533379411
all_banks,2017-03-31,total_securities_to_assets,5908,0.17915243400096587,0.2969099751944831,0.4332486127296573,0.5209624201487497,0.7205864013030716
all_banks,2017-03-31,transaction_dep_to_assets,5908,0.2752342234058218,0.37092288572253673,0.4481368495875366,0.49425475751772463,0.5889254814305052
all_banks,2017-03-31,uninsured_dep_to_assets,733,0.22069030423307487,0.32510091824513154,0.4274774802076057,0.5001745580258017,0.6555490174654708
all_banks,2017-03-31,uninsured_dep_to_total_dep,731,0.2715129606213301,0.39719544370308824,0.5483930962813769,0.6147599082651287,0.9369682503083109
all_banks,2017-06-30,demand_dep_to_assets,5839,0.1486587712614137,0.2141895883502177,0.2868311000248695,0.3420989654762448,0.46928744802593975
all_banks,2017-06-30,demand_plus_mmda_to_assets,5839,0.2957536139045605,0.40681520969098445,0.5281011480585227,0.6034441849234559,0.7726328128502432
all_banks,2017-06-30,htm_ac_minus_fv_to_equity,5839,0.0,0.0,0.0,0.002073087980952963,0.019320454600300966
all_banks,2017-06-30,htm_to_assets,5839,0.0,0.00933110900142443,0.08175621403444783,0.16955726096034096,0.4274216382055756
all_banks,2017-06-30,htm_to_total_securities,5665,0.0,0.09249591233756921,0.6146846966214066,1.0,1.0
all_banks,2017-06-30,nonmaturity_dep_to_total_dep,5787,0.9600776599692631,0.9804240310159495,0.9921142058535568,0.9985247477125113,1.0
all_banks,2017-06-30,total_ac_minus_fv_to_equity,5839,-0.0008934006941644332,0.004260398434647915,0.01629949720567082,0.029205956243860316,0.06429025486619012
all_banks,2017-06-30,total_securities_to_assets,5839,0.17828553064002509,0.29287818181224057,0.43015258807337825,0.5191809570626907,0.7201198696054679
all_banks,2017-06-30,transaction_dep_to_assets,5839,0.2736738227084174,0.3659694013458586,0.44534644624342223,0.48983654214102934,0.5851181854743774
all_banks,2017-06-30,uninsured_dep_to_assets,724,0.2230658647984637,0.3204739348474488,0.42169864774883126,0.4972090859410851,0.658945045833967
all_banks,2017-06-30,uninsured_dep_to_total_dep,722,0.2766210523558289,0.4009895121732081,0.540834335249343,0.6281872800838427,0.9347204698049612
all_banks,2017-09-30,demand_dep_to_assets,5789,0.1495351590873662,0.21677465018783687,0.291093030783214,0.34452251344947127,0.47854739168482935
all_banks,2017-09-30,demand_plus_mmda_to_assets,5789,0.29703035203111683,0.40822721059069,0.533339348897014,0.6089565666282679,0.7511324970251781
all_banks,2017-09-30,htm_ac_minus_fv_to_equity,5788,0.0,0.0,3.614383459505719e-05,0.002425659920112153,0.01897897808861993
all_banks,2017-09-30,htm_to_assets,5789,0.0,0.008914161804475117,0.07941850620606557,0.1661263992785623,0.42038387368900154
all_banks,2017-09-30,htm_to_total_securities,5610,0.0,0.08591615794812002,0.6081063025518932,1.0,1.0
all_banks,2017-09-30,nonmaturity_dep_to_total_dep,5736,0.9586708021721153,0.9799827943476804,0.9916810264234074,0.9982065036378993,1.0
all_banks,2017-09-30,total_ac_minus_fv_to_equity,5788,-0.00023121335513253633,0.005349935588753611,0.01794963334525071,0.030141647186816903,0.06835798480336568
all_banks,2017-09-30,total_securities_to_assets,5789,0.17392899687701255,0.28612262502650027,0.42433116346423483,0.5155905151391484,0.7178898715687785
all_banks,2017-09-30,transaction_dep_to_assets,5789,0.2721885709423132,0.3659705694378551,0.44663100470856,0.49102682175796586,0.5876396287741932
all_banks,2017-09-30,uninsured_dep_to_assets,715,0.2257320886494876,0.32322919859491317,0.42560133882829665,0.49593217749394913,0.6136871781895499
all_banks,2017-09-30,uninsured_dep_to_total_dep,713,0.27953259707873174,0.4068447453403931,0.5413518233435636,0.6278180540907492,0.9257317909367547
all_banks,2017-12-31,demand_dep_to_assets,5721,0.15466535448127458,0.2221762069672261,0.2975557917109458,0.35384220748286854,0.4813531874783152
all_banks,2017-12-31,demand_plus_mmda_to_assets,5721,0.30025719241581433,0.4135887414909818,0.5370690186887066,0.6082548353222945,0.7466901521048367
all_banks,2017-12-31,htm_ac_minus_fv_to_equity,5721,0.0,0.0,0.0018284485076633503,0.008837044892188053,0.03884473472971957
all_banks,2017-12-31,htm_to_assets,5721,0.0,0.008228265403608865,0.07689010932243823,0.15968645245687188,0.4195014010914085
all_banks,2017-12-31,htm_to_total_securities,5544,0.0,0.0767457008781539,0.5862399450199279,0.9992922103887166,1.0
all_banks,2017-12-31,nonmaturity_dep_to_total_dep,5669,0.9582852228008577,0.9797154607091253,0.9917421548871189,0.9982971176849655,1.0
all_banks,2017-12-31,total_ac_minus_fv_to_equity,5721,0.0065186515981014576,0.019553072625698324,0.0402391219129753,0.057885969561596126,0.10492514770098627
all_banks,2017-12-31,total_securities_to_assets,5721,0.1717261725142981,0.2861862125336993,0.4194020291670896,0.5100179091112603,0.7179126278063864
all_banks,2017-12-31,transaction_dep_to_assets,5721,0.282781720501426,0.3779077039070028,0.4589127465060072,0.5045284614898469,0.600380564591194
all_banks,2017-12-31,uninsured_dep_to_assets,701,0.227202032020467,0.3279868453316794,0.4312110572786437,0.5012148654031012,0.609365835757687
all_banks,2017-12-31,uninsured_dep_to_total_dep,699,0.2857966589723355,0.4100824751679827,0.5517548389145829,0.6244586987843763,0.9303618788052054
all_banks,2018-03-31,demand_dep_to_assets,5657,0.15296069205546986,0.2220368838863113,0.29513173423838074,0.353361688127142,0.4875581154118297
all_banks,2018-03-31,demand_plus_mmda_to_assets,5657,0.3017392350574175,0.4128867333588429,0.5365167315714989,0.6039541036933194,0.7415706739996251
all_banks,2018-03-31,htm_ac_minus_fv_to_equity,5657,0.0,0.0,0.0073895907541996625,0.02017716898623024,0.07080567455157433
all_banks,2018-03-31,htm_to_assets,5657,0.0,0.008053430076153107,0.07541036311495593,0.15793929034098042,0.4077623548467735
all_banks,2018-03-31,htm_to_total_securities,5477,0.0,0.07817080320500293,0.5859750378795756,0.9998349851573395,1.0
all_banks,2018-03-31,nonmaturity_dep_to_total_dep,5605,0.9577406894717435,0.979437267740223,0.9916033714592076,0.9982992223422686,1.0
all_banks,2018-03-31,total_ac_minus_fv_to_equity,5657,0.02234653290749848,0.04785533913719119,0.08325268284779219,0.11605622559072243,0.19534077450091397
all_banks,2018-03-31,total_securities_to_assets,5657,0.16976024920366886,0.28170587162655,0.41798087442837284,0.5093214481946843,0.7136599256584428
all_banks,2018-03-31,transaction_dep_to_assets,5657,0.2796367033077013,0.3776311388349344,0.4583633089110621,0.5034508257164352,0.6050843681356304
all_banks,2018-03-31,uninsured_dep_to_assets,736,0.22483523008894812,0.3281978938194498,0.42710453331223935,0.4982261024833452,0.6328598606654318
all_banks,2018-03-31,uninsured_dep_to_total_dep,733,0.2821401207924471,0.4126023718479282,0.5377798817322206,0.6314517264664354,0.9138794048771925
all_banks,2018-06-30,demand_dep_to_assets,5593,0.15385303123998836,0.22207430609936482,0.2969155576883898,0.35416334683952255,0.4768798152351466
all_banks,2018-06-30,demand_plus_mmda_to_assets,5593,0.29805781155784505,0.4090385212110466,0.5314590246400971,0.6023097015096602,0.7309985435068233
all_banks,2018-06-30,htm_ac_minus_fv_to_equity,5593,0.0,0.0,0.0074950497298065365,0.021697641880533674,0.07921256314609094
all_banks,2018-06-30,htm_to_assets,5593,0.0,0.007646739972123277,0.07450873948376324,0.15422646590991482,0.40847337643006104
all_banks,2018-06-30,htm_to_total_securities,5412,0.0,0.07310931587131601,0.5846044502449136,0.9997526894856561,1.0
all_banks,2018-06-30,nonmaturity_dep_to_total_dep,5541,0.9564975258047511,0.9785887096774194,0.9913781968483596,0.9981455152376831,1.0
all_banks,2018-06-30,total_ac_minus_fv_to_equity,5593,0.02452889777871355,0.05207715485539396,0.09002235666718661,0.1262982532800374,0.213178342842055
all_banks,2018-06-30,total_securities_to_assets,5593,0.1692312422403898,0.2805972036519715,0.4116942581714508,0.5116596616660443,0.7160517692287
all_banks,2018-06-30,transaction_dep_to_assets,5593,0.27809437480960836,0.3759729118141956,0.4534261556771951,0.5038653532573459,0.607497411342794
all_banks,2018-06-30,uninsured_dep_to_assets,729,0.2206837041479559,0.32328759013367747,0.42513606824507644,0.4947067694884614,0.6704961677071425
all_banks,2018-06-30,uninsured_dep_to_total_dep,727,0.2761219359629422,0.4026408984838771,0.5354109620242478,0.6353967628945311,0.9103895283995858
all_banks,2018-09-30,demand_dep_to_assets,5527,0.15316768997251431,0.2224217833456118,0.296978247563265,0.35456197108117854,0.47894189278089844
all_banks,2018-09-30,demand_plus_mmda_to_assets,5527,0.29567807351077313,0.41030226562089395,0.5290839426809305,0.600243961951276,0.744566317433444
all_banks,2018-09-30,htm_ac_minus_fv_to_equity,5527,0.0,0.0,0.010469617081967293,0.028735001323993994,0.09649683331342036
all_banks,2018-09-30,htm_to_assets,5527,0.0,0.007497887911910147,0.07232387062286676,0.1501541146189331,0.4151742873552817
all_banks,2018-09-30,htm_to_total_securities,5349,0.0,0.06928936658666389,0.5951257574720299,0.9992077943756841,1.0
all_banks,2018-09-30,nonmaturity_dep_to_total_dep,5477,0.9533630879737788,0.977014897463068,0.9906589179330345,0.9974397687290814,1.0
all_banks,2018-09-30,total_ac_minus_fv_to_equity,5527,0.03186669797267909,0.06451413918821686,0.10880692008172521,0.15144105355717807,0.25575573185897543
all_banks,2018-09-30,total_securities_to_assets,5527,0.1658858399464576,0.27311289546192313,0.4044954342480037,0.5014133795809893,0.7056382957655372
all_banks,2018-09-30,transaction_dep_to_assets,5527,0.27371815478582334,0.37101011643675375,0.4510945553414286,0.5010250864469139,0.608172211459618
all_banks,2018-09-30,uninsured_dep_to_assets,720,0.23421193848533106,0.3294849595118017,0.42783150932279185,0.4953405958490396,0.6506699133131627
all_banks,2018-09-30,uninsured_dep_to_total_dep,718,0.28896938775000014,0.41636594210219935,0.5397412321419751,0.6400893147542572,0.9003665532183378
all_banks,2018-12-31,demand_dep_to_assets,5456,0.15621355764022965,0.2274543262866502,0.3008656091917611,0.3588507637895617,0.47576551310243415
all_banks,2018-12-31,demand_plus_mmda_to_assets,5456,0.2996248943907618,0.40992436721255054,0.5312469963755964,0.6018365716318672,0.7351499248811291
all_banks,2018-12-31,htm_ac_minus_fv_to_equity,5456,0.0,0.0,0.005685391065172516,0.016433932521477373,0.06329025774623495
all_banks,2018-12-31,htm_to_assets,5456,0.0,0.006689335064934315,0.06896306332396493,0.145555603617783,0.41370923583534247
all_banks,2018-12-31,htm_to_total_securities,5278,0.0,0.06528750927987967,0.5817479622322039,0.9998935961491954,1.0
all_banks,2018-12-31,nonmaturity_dep_to_total_dep,5405,0.9523477630560996,0.9761623265640711,0.9904680229973174,0.9964496332934577,1.0
all_banks,2018-12-31,total_ac_minus_fv_to_equity,5456,0.018189592884724267,0.03983885673851573,0.07086334141798228,0.10004861741325044,0.1805607403949395
all_banks,2018-12-31,total_securities_to_assets,5456,0.16521740334383395,0.27037374290239136,0.39868206182994037,0.4954317166785661,0.7102955870027311
all_banks,2018-12-31,transaction_dep_to_assets,5456,0.28040109954038694,0.3789925266679836,0.4598003195569438,0.5051036591487417,0.6101912291710899
all_banks,2018-12-31,uninsured_dep_to_assets,720,0.23474392281864165,0.3340004785903591,0.42899079639674714,0.48170588228709516,0.6634594704057342
all_banks,2018-12-31,uninsured_dep_to_total_dep,718,0.2973861219448086,0.4136921953856175,0.5484524583679318,0.632683014542525,0.9008021548045191
all_banks,2019-03-31,demand_dep_to_assets,5411,0.15309414613500594,0.22277807510233524,0.297902720078065,0.35191572519475767,0.4700776345034949
all_banks,2019-03-31,demand_plus_mmda_to_assets,5411,0.29540697444808656,0.40875300179713814,0.5304745014201241,0.6003189423364982,0.7303413542691557
all_banks,2019-03-31,htm_ac_minus_fv_to_equity,5411,0.0,0.0,0.000771670369553788,0.0052096062620581906,0.02645586509149552
all_banks,2019-03-31,htm_to_assets,5411,0.0,0.006159390266915589,0.06592992395895317,0.13980161891427334,0.407417783095367
all_banks,2019-03-31,htm_to_total_securities,5229,0.0,0.059049153625878995,0.5822413537721101,1.0,1.0
all_banks,2019-03-31,nonmaturity_dep_to_total_dep,5361,0.9500154302153934,0.9750292169318072,0.9895440647371588,0.9962184688657612,1.0
all_banks,2019-03-31,total_ac_minus_fv_to_equity,5411,0.00300078968149513,0.013351489376493603,0.03046135602740764,0.04591870459282922,0.08914832012434978
all_banks,2019-03-31,total_securities_to_assets,5411,0.16260427410744982,0.2661946336191826,0.39585194391579603,0.4894456795752232,0.7006938169770832
all_banks,2019-03-31,transaction_dep_to_assets,5411,0.27497054001434573,0.37223443804411716,0.455542542029622,0.505309759833908,0.6197536425068124
all_banks,2019-03-31,uninsured_dep_to_assets,753,0.2319856590683485,0.32546359316427337,0.42675256149518787,0.4825818935027095,0.6183480552010275
all_banks,2019-03-31,uninsured_dep_to_total_dep,752,0.2836461798561388,0.405666187087973,0.5353293580011089,0.6207143992636879,0.8887077656570208
all_banks,2019-06-30,demand_dep_to_assets,5352,0.15134866996158966,0.2222681130807498,0.2966024623108031,0.3516574935014268,0.47440489972984085
all_banks,2019-06-30,demand_plus_mmda_to_assets,5352,0.29318287317766323,0.40387419762320054,0.5272801297062273,0.5998420608130625,0.7313717692863116
all_banks,2019-06-30,htm_ac_minus_fv_to_equity,5352,0.0,0.0,0.0,0.0,0.0046137219612864796
all_banks,2019-06-30,htm_to_assets,5352,0.0,0.005887015561102182,0.06424930758440808,0.1381830022035539,0.4051274356846267
all_banks,2019-06-30,htm_to_total_securities,5179,0.0,0.05815531805683906,0.5637105560962682,0.9996578879614634,1.0
all_banks,2019-06-30,nonmaturity_dep_to_total_dep,5303,0.9482969078741558,0.9737050740125102,0.9891965499089327,0.9960758131832518,1.0
all_banks,2019-06-30,total_ac_minus_fv_to_equity,5352,-0.00652331784942093,-0.0004129864433344287,0.0023522809697674933,0.006906475519220552,0.02593396167433231
all_banks,2019-06-30,total_securities_to_assets,5352,0.15780628970112442,0.2632815986510072,0.39486849121868367,0.4918432937148982,0.7085373076699882
all_banks,2019-06-30,transaction_dep_to_assets,5352,0.2731306741804811,0.3694265530291711,0.45014375392884953,0.4984400301909262,0.6028594077513699
all_banks,2019-06-30,uninsured_dep_to_assets,746,0.2302334494517212,0.32509402772752244,0.42140740714470626,0.47766197414090034,0.6213403843982674
all_banks,2019-06-30,uninsured_dep_to_total_dep,745,0.28366319643061433,0.40081163820222065,0.5322826837536401,0.6187678006015769,0.874145026891683
all_banks,2019-09-30,demand_dep_to_assets,5308,0.15423857065662194,0.22415892607677496,0.3023154681893995,0.3566769764901163,0.48804605127590917
all_banks,2019-09-30,demand_plus_mmda_to_assets,5308,0.2944875708793302,0.408516521491857,0.5348211573842319,0.6075612232735149,0.7382348918878842
all_banks,2019-09-30,htm_ac_minus_fv_to_equity,5308,0.0,0.0,0.0,0.0,0.00245401653020736
all_banks,2019-09-30,htm_to_assets,5308,0.0,0.005360775662670614,0.05990270286590688,0.1316013947424537,0.39795497872041785
all_banks,2019-09-30,htm_to_total_securities,5134,0.0,0.05146828052187519,0.5463189073918555,0.9998356190842294,1.0
all_banks,2019-09-30,nonmaturity_dep_to_total_dep,5258,0.9469337910820108,0.9726631307634646,0.9887325598989408,0.996027007147104,1.0
all_banks,2019-09-30,total_ac_minus_fv_to_equity,5308,-0.009317906153763322,-0.0015218875551977445,0.00023081376006499392,0.0028491912574246095,0.0171296580468091
all_banks,2019-09-30,total_securities_to_assets,5308,0.1535495129824569,0.2570648966350341,0.3860585471174858,0.4876034972135949,0.6985820282768767
all_banks,2019-09-30,transaction_dep_to_assets,5308,0.2725683622131408,0.36905861100411347,0.4483670766580353,0.4994727314315787,0.6011159317547843
all_banks,2019-09-30,uninsured_dep_to_assets,765,0.2318379094381885,0.33006689266098543,0.4282835335426753,0.4791692113309632,0.631940200266889
all_banks,2019-09-30,uninsured_dep_to_total_dep,764,0.2854550035206995,0.4090136828469926,0.5379201540285514,0.6193689315715282,0.8868947364455406
all_banks,2019-12-31,demand_dep_to_assets,5227,0.15664119655340594,0.22606591955126104,0.3024948629038517,0.36339046353063514,0.4901178893008574
all_banks,2019-12-31,demand_plus_mmda_to_assets,5227,0.2963913924404388,0.4109778258956509,0.5381030171033232,0.6099547405352908,0.7468727301787007
all_banks,2019-12-31,htm_ac_minus_fv_to_equity,5227,0.0,0.0,0.0,0.0,0.002717772008485944
all_banks,2019-12-31,htm_to_assets,5227,0.0,0.0044299917127080795,0.05557413631463753,0.12406721684059666,0.3803096123423543
all_banks,2019-12-31,htm_to_total_securities,5044,0.0,0.045283628030098846,0.520347966885517,0.9999961770534002,1.0
all_banks,2019-12-31,nonmaturity_dep_to_total_dep,5176,0.9474074295324194,0.9726243992212488,0.9881527175651674,0.9961589885956692,1.0
all_banks,2019-12-31,total_ac_minus_fv_to_equity,5227,-0.007922853542271657,-0.001162498799992899,0.0005996864086622423,0.0035761009924700857,0.017955350108283065
all_banks,2019-12-31,total_securities_to_assets,5227,0.15285998930845118,0.2581336971576208,0.38204979136642214,0.47834191401632054,0.6932351042642044
all_banks,2019-12-31,transaction_dep_to_assets,5227,0.2766717069892473,0.3749584078560555,0.45610014737996507,0.5074905680491477,0.6066530198794214
all_banks,2019-12-31,uninsured_dep_to_assets,743,0.23826594264574885,0.33652040569919917,0.43557387453946733,0.4918807035836475,0.6494806473723226
all_banks,2019-12-31,uninsured_dep_to_total_dep,742,0.29330472065259616,0.42022364915085936,0.5538060580360419,0.6224096646808389,0.8995558462136609
all_banks,2020-03-31,demand_dep_to_assets,5165,0.15469032779761152,0.2225683182942102,0.30113281024776856,0.3634656157995486,0.5025916791308381
all_banks,2020-03-31,demand_plus_mmda_to_assets,5165,0.2967847554452048,0.4138043451002683,0.5374622472430619,0.6117682965857429,0.7495404669472898
all_banks,2020-03-31,htm_ac_minus_fv_to_equity,5165,0.0,0.0,0.0,0.0003756642641307964,0.01797293361150957
all_banks,2020-03-31,htm_to_assets,5165,0.0,0.003668972118090767,0.04992483118197997,0.1132485077540045,0.35994756453669186
all_banks,2020-03-31,htm_to_total_securities,4985,0.0,0.03821579690359203,0.5007310402481491,1.0,1.0
all_banks,2020-03-31,nonmaturity_dep_to_total_dep,5114,0.9483243979355762,0.9723388473526521,0.9882900130014003,0.9958116235800831,1.0
all_banks,2020-03-31,total_ac_minus_fv_to_equity,5165,-0.009505397132270018,0.0,0.012500691381424225,0.02925399882454996,0.09767742424212034
all_banks,2020-03-31,total_securities_to_assets,5165,0.15118888524672836,0.25810994400079523,0.38150581015168045,0.48583187237227954,0.696092035908137
all_banks,2020-03-31,transaction_dep_to_assets,5165,0.2737352701893705,0.37401366152396653,0.4532818492359572,0.5053174429153842,0.6144524706076009
all_banks,2020-03-31,uninsured_dep_to_assets,783,0.23813392781463716,0.33384693847719416,0.4373026593067084,0.4911358625576251,0.6642452254430103
all_banks,2020-03-31,uninsured_dep_to_total_dep,782,0.2949858827600742,0.4177792135014534,0.5510934545593235,0.6184299389753515,0.8562798759958073
all_banks,2020-06-30,demand_dep_to_assets,5114,0.1802886155749005,0.25781031668933746,0.3395705877370147,0.3991683757564516,0.5240588831046299
all_banks,2020-06-30,demand_plus_mmda_to_assets,5114,0.32252093767082346,0.44014735665902177,0.5639058599983542,0.6425342406135135,0.7685473850142494
all_banks,2020-06-30,htm_ac_minus_fv_to_equity,5114,0.0,0.0,0.0,0.0,0.00046316041664690085
all_banks,2020-06-30,htm_to_assets,5114,0.0,0.0033850089087384357,0.04335568766048272,0.10936293801336586,0.34037592507701464
all_banks,2020-06-30,htm_to_total_securities,4925,0.0,0.03774612314411998,0.4934910097870349,1.0,1.0
all_banks,2020-06-30,nonmaturity_dep_to_total_dep,5066,0.9536593212619654,0.9754377960782432,0.9898052972616384,0.995862902739967,1.0
all_banks,2020-06-30,total_ac_minus_fv_to_equity,5114,-0.029298303941174022,-0.009730397997701201,-0.0007965933218563888,0.0,0.009427598638974043
all_banks,2020-06-30,total_securities_to_assets,5114,0.1422176999573846,0.24875065456223242,0.37497324035694757,0.4762927015507899,0.6858357262978859
all_banks,2020-06-30,transaction_dep_to_assets,5114,0.30758536535831843,0.4029470140510148,0.4788236650353524,0.5269520511184916,0.6376432543498716
all_banks,2020-06-30,uninsured_dep_to_assets,775,0.25216375779387945,0.3536043533215207,0.44996095144269543,0.5138603341389117,0.6614523145135837
all_banks,2020-06-30,uninsured_dep_to_total_dep,775,0.31015883438773517,0.4354567022044182,0.557401555296226,0.6385742602214518,0.9136939064874023
all_banks,2020-09-30,demand_dep_to_assets,5082,0.18325828686841028,0.2605597304157739,0.3430586489777116,0.40349782096712206,0.5536289502138924
all_banks,2020-09-30,demand_plus_mmda_to_assets,5082,0.32874020449292773,0.44963069709163483,0.5726147076901416,0.64676495643147,0.7770554834571436
all_banks,2020-09-30,htm_ac_minus_fv_to_equity,5082,0.0,0.0,0.0,0.0,0.0007517472447968806
all_banks,2020-09-30,htm_to_assets,5082,0.0,0.003240559611157848,0.04520489014048048,0.11476113219183351,0.35704937072919196
all_banks,2020-09-30,htm_to_total_securities,4899,0.0,0.03671323688066089,0.49321412406005855,1.0,1.0
all_banks,2020-09-30,nonmaturity_dep_to_total_dep,5033,0.9551147691835796,0.976616773252663,0.9900070114137772,0.9960198611050257,1.0
all_banks,2020-09-30,total_ac_minus_fv_to_equity,5082,-0.02885332806548796,-0.009296714521397695,-0.0006785569964156344,0.0,0.005455449235277973
all_banks,2020-09-30,total_securities_to_assets,5082,0.1480959782599583,0.26036719157126725,0.3874788815738067,0.4846768668773165,0.6712977063817145
all_banks,2020-09-30,transaction_dep_to_assets,5082,0.31223852390731727,0.4063308796692656,0.4837662043004998,0.531699964669356,0.6389590250413391
all_banks,2020-09-30,uninsured_dep_to_assets,769,0.26289870970987034,0.36430715795604496,0.46039165805452975,0.5277684321980378,0.7026074616528214
all_banks,2020-09-30,uninsured_dep_to_total_dep,769,0.3183923001856069,0.45160094762019726,0.5694849934496983,0.6407173457484847,0.8943356691796792
all_banks,2020-12-31,demand_dep_to_assets,5050,0.19275867987309783,0.2678781146912348,0.3499936705438216,0.4156123060411982,0.5610646573825099
all_banks,2020-12-31,demand_plus_mmda_to_assets,5050,0.3414392274686507,0.46170151011107813,0.5871529485177711,0.6590685952513359,0.7939609283651272
all_banks,2020-12-31,htm_ac_minus_fv_to_equity,5050,0.0,0.0,0.0,0.0,0.00037675383608353993
all_banks,2020-12-31,htm_to_assets,5050,0.0,0.0032961110717164353,0.045875708290566634,0.11564064928803217,0.35576036859101656
all_banks,2020-12-31,htm_to_total_securities,4868,0.0,0.033488439941409556,0.5070247433827405,1.0,1.0
all_banks,2020-12-31,nonmaturity_dep_to_total_dep,5002,0.9578639260362286,0.9778882859060116,0.9903708498211431,0.9961096276436524,1.0
all_banks,2020-12-31,total_ac_minus_fv_to_equity,5050,-0.027454952730622092,-0.008613110585363614,-0.0005398694338798084,0.0,0.004848977442990837
all_banks,2020-12-31,total_securities_to_assets,5050,0.15722993138867536,0.2735951792452843,0.40023482123594173,0.49475665747530945,0.6973548492611428
all_banks,2020-12-31,transaction_dep_to_assets,5050,0.32938695466524326,0.422069711757838,0.4967848094276303,0.5461466816987364,0.6509251127388399
all_banks,2020-12-31,uninsured_dep_to_assets,771,0.27273351296366755,0.3804158721964163,0.4817172272089233,0.5337755000736834,0.7335282659733633
all_banks,2020-12-31,uninsured_dep_to_total_dep,771,0.329506133057896,0.4606134544908303,0.5728484147342006,0.6461951061241998,0.9033774256956439
all_banks,2021-03-31,demand_dep_to_assets,5027,0.20573678266948503,0.28388963717286386,0.37450510624470995,0.4344015977454545,0.5847810063516494
all_banks,2021-03-31,demand_plus_mmda_to_assets,5027,0.35913946208500536,0.48286205162597273,0.6065960958437221,0.6774745374951396,0.8069201381120122
all_banks,2021-03-31,htm_ac_minus_fv_to_equity,5027,0.0,0.0,0.0,8.199681304375058e-05,0.01757700535678921
all_banks,2021-03-31,htm_to_assets,5027,0.0,0.0034085223918370587,0.05101616090809043,0.11968612298181902,0.37134160572707636
all_banks,2021-03-31,htm_to_total_securities,4851,0.0,0.03395676330510103,0.5140837641101382,1.0,1.0
all_banks,2021-03-31,nonmaturity_dep_to_total_dep,4978,0.9613529588331454,0.9801085225485741,0.9913110595206542,0.9967694137668729,1.0
all_banks,2021-03-31,total_ac_minus_fv_to_equity,5027,-0.008640394248382966,0.0,0.01048581233813718,0.024277569347581407,0.07896544211459651
all_banks,2021-03-31,total_securities_to_assets,5027,0.16621224921341018,0.2864993451229281,0.42308759652434946,0.502900026678429,0.6886145331479611
all_banks,2021-03-31,transaction_dep_to_assets,5027,0.3474001352708491,0.4400606154641703,0.5129965735826432,0.5578653689111528,0.6623656092927157
all_banks,2021-03-31,uninsured_dep_to_assets,780,0.27955479618780843,0.38741037233183373,0.4828331328334653,0.5412905519293192,0.7511503570715322
all_banks,2021-03-31,uninsured_dep_to_total_dep,780,0.33740969955003364,0.4601370245942086,0.5748994615283337,0.6590267530869766,0.901651439524409
all_banks,2021-06-30,demand_dep_to_assets,4998,0.20850008428568026,0.28870388772155664,0.380939120468448,0.44264436339545965,0.5892470540091166
all_banks,2021-06-30,demand_plus_mmda_to_assets,4998,0.36409924276911154,0.4927515686544404,0.6176364171584329,0.689590157899827,0.807337445370015
all_banks,2021-06-30,htm_ac_minus_fv_to_equity,4998,0.0,0.0,0.0,0.0,0.010523052976569079
all_banks,2021-06-30,htm_to_assets,4998,0.0,0.0037636959626479887,0.05502235466104713,0.12693601448731157,0.38626036247927303
all_banks,2021-06-30,htm_to_total_securities,4836,0.0,0.03444455295857353,0.5138336541619517,1.0,1.0
all_banks,2021-06-30,nonmaturity_dep_to_total_dep,4950,0.9632197710821262,0.9810450960798454,0.9916733338579781,0.997028106362942,1.0
all_banks,2021-06-30,total_ac_minus_fv_to_equity,4998,-0.011914053766289144,-0.0009428578800636188,0.0029601886809293033,0.011154730311858922,0.043932096297751834
all_banks,2021-06-30,total_securities_to_assets,4998,0.18124962324920382,0.31217177648272615,0.44954527876368644,0.5328513751639902,0.7104250534846152
all_banks,2021-06-30,transaction_dep_to_assets,4998,0.3529406036250548,0.4430257745099235,0.5157586762907812,0.5620501589496464,0.6736740841920875
all_banks,2021-06-30,uninsured_dep_to_assets,779,0.28457002954960003,0.39980862569013725,0.49629143213023313,0.5549009154207567,0.7178807227977491
all_banks,2021-06-30,uninsured_dep_to_total_dep,779,0.3442870069717755,0.47532531297211617,0.5963417071580851,0.6784909327577259,0.9115868885258767
all_banks,2021-09-30,demand_dep_to_assets,4962,0.21235516341337163,0.2974490562335059,0.38860523300856153,0.4505771508056862,0.5925249684385483
all_banks,2021-09-30,demand_plus_mmda_to_assets,4962,0.3724832612779469,0.5024005395856153,0.6278624149848628,0.6964466820382861,0.8157935874760558
all_banks,2021-09-30,htm_ac_minus_fv_to_equity,4962,0.0,0.0,0.0,0.000390498970775332,0.014398545923753633
all_banks,2021-09-30,htm_to_assets,4962,0.0,0.004091263675483505,0.05816698366097185,0.1335306174696369,0.4029304075227866
all_banks,2021-09-30,htm_to_total_securities,4800,0.0,0.034556693608253544,0.500601347684576,1.0,1.0
all_banks,2021-09-30,nonmaturity_dep_to_total_dep,4914,0.9644885879969145,0.9819295858171542,0.9922702219704166,0.9970785681181324,1.0
all_banks,2021-09-30,total_ac_minus_fv_to_equity,4962,-0.008368046298890878,0.0,0.0066672440650139666,0.015814217263665754,0.04652423018323878
all_banks,2021-09-30,total_securities_to_assets,4962,0.1893494209371766,0.32532987358610477,0.45828960369565563,0.5448000388686652,0.7123379181988536
all_banks,2021-09-30,transaction_dep_to_assets,4962,0.35734401099260915,0.44804612877559774,0.5189252768445501,0.5670020978185811,0.6736397308261215
all_banks,2021-09-30,uninsured_dep_to_assets,773,0.2920820680825648,0.4052755795687573,0.501702602278037,0.5632399625582343,0.7355171766174796
all_banks,2021-09-30,uninsured_dep_to_total_dep,773,0.34770202019323465,0.48447531882468936,0.5879189860762327,0.6759541543729493,0.9165986464298409
all_banks,2021-12-31,demand_dep_to_assets,4887,0.22033326602718087,0.3042323077509768,0.3958887489460655,0.45836820103706905,0.6053066932090089
all_banks,2021-12-31,demand_plus_mmda_to_assets,4887,0.38098323423443337,0.5101227577621406,0.6343053405350554,0.7021568108666949,0.8202625337399029
all_banks,2021-12-31,htm_ac_minus_fv_to_equity,4887,0.0,0.0,1.304714019751829e-05,0.004685932210531655,0.030864203738517032
all_banks,2021-12-31,htm_to_assets,4887,0.0,0.004884941346148438,0.0629524174672956,0.14413768780644906,0.418241963337821
all_banks,2021-12-31,htm_to_total_securities,4734,0.0,0.0358283541227854,0.5009787026350816,0.999994617868676,1.0
all_banks,2021-12-31,nonmaturity_dep_to_total_dep,4838,0.9661755495665529,0.9829058374442694,0.9925359535160165,0.9972103267457303,1.0
all_banks,2021-12-31,total_ac_minus_fv_to_equity,4887,0.0,0.010181513779784618,0.026957737377070336,0.04185566960251338,0.08855004207237492
all_banks,2021-12-31,total_securities_to_assets,4887,0.20356670620250789,0.3373112826603891,0.4673565532731139,0.5491045790212427,0.7099475509566954
all_banks,2021-12-31,transaction_dep_to_assets,4887,0.37049597286986014,0.4590584895423919,0.5303232507276077,0.5781189187317513,0.6848774134791029
all_banks,2021-12-31,uninsured_dep_to_assets,756,0.3048128171976716,0.4127552404532676,0.5117796473059141,0.567171215052199,0.7628361176944704
all_banks,2021-12-31,uninsured_dep_to_total_dep,755,0.35898899041494536,0.4925918956845833,0.5915884445908841,0.6820390680701807,0.9261149419037576
all_banks,2022-03-31,demand_dep_to_assets,4844,0.2249145649020266,0.3108423808872333,0.4087100652372165,0.46576339449258103,0.6095348561520386
all_banks,2022-03-31,demand_plus_mmda_to_assets,4844,0.39159944499074306,0.5210351037710886,0.6435213541459041,0.7111815221382675,0.8218773237016174
all_banks,2022-03-31,htm_ac_minus_fv_to_equity,4844,0.0,0.0,0.03200316467677376,0.08621597588701496,0.21363708102917373
all_banks,2022-03-31,htm_to_assets,4844,0.0,0.007710126761057978,0.09150914074128705,0.18129122118783153,0.4313319868123143
all_banks,2022-03-31,htm_to_total_securities,4708,0.0,0.05574245744937614,0.5904282228335981,1.0,1.0
all_banks,2022-03-31,nonmaturity_dep_to_total_dep,4795,0.9677890308875544,0.9836570293868637,0.9929907007788905,0.9971287146484297,1.0
all_banks,2022-03-31,total_ac_minus_fv_to_equity,4844,0.10205598820991836,0.20155114886760195,0.3345922770222294,0.4438154991062347,0.8392211503706419
all_banks,2022-03-31,total_securities_to_assets,4844,0.21523441921944422,0.3477048413595034,0.4725458175362906,0.5581590548781635,0.7132455021934214
all_banks,2022-03-31,transaction_dep_to_assets,4844,0.3815447003018169,0.46929938272943267,0.540432923271235,0.5880417300333977,0.7021065450106556
all_banks,2022-03-31,uninsured_dep_to_assets,939,0.293539817232376,0.40509691931419956,0.5072725801246184,0.5679429721863292,0.7257080584461092
all_banks,2022-03-31,uninsured_dep_to_total_dep,939,0.3440872514499096,0.4776781099827456,0.5883967339539011,0.674406807006654,0.9107485457521858
all_banks,2022-06-30,demand_dep_to_assets,4821,0.22800397435131745,0.314469416540772,0.4158027156280143,0.47544468854085464,0.6065868463341662
all_banks,2022-06-30,demand_plus_mmda_to_assets,4821,0.3967600430968139,0.5241719114225605,0.6438991114849337,0.7118537618500982,0.8264934573464547
all_banks,2022-06-30,htm_ac_minus_fv_to_equity,4812,0.0,0.0011753665328826954,0.06783612162262286,0.16170622424012315,0.3978774200207924
all_banks,2022-06-30,htm_to_assets,4821,0.0,0.011439069148154641,0.1040358597495059,0.19779166061310474,0.45145914354622246
all_banks,2022-06-30,htm_to_total_securities,4692,0.0,0.07703941349148447,0.6245741913242387,1.0,1.0
all_banks,2022-06-30,nonmaturity_dep_to_total_dep,4770,0.9677209298055214,0.9840473041365703,0.9933342061817196,0.9974937691169374,1.0
all_banks,2022-06-30,total_ac_minus_fv_to_equity,4812,0.18533291987400502,0.3916305611148263,0.7165232595492006,1.0842529119591,2.88065426364929
all_banks,2022-06-30,total_securities_to_assets,4821,0.2243544139875079,0.3512809014532104,0.4710996147670013,0.5568675840878632,0.7082269169630815
all_banks,2022-06-30,transaction_dep_to_assets,4821,0.3843573865170194,0.47346322253490736,0.5422180151454763,0.5921715692019219,0.703709719096952
all_banks,2022-06-30,uninsured_dep_to_assets,931,0.29567697547262173,0.3971407228809778,0.5019851740840849,0.5581321628763258,0.7208487397616486
all_banks,2022-06-30,uninsured_dep_to_total_dep,931,0.3453259066024597,0.4723561245062126,0.5927484400333448,0.6700369024126795,0.9055598396109318
all_banks,2022-09-30,demand_dep_to_assets,4796,0.23216741327539253,0.3192102223779622,0.4125004627056266,0.47907149090782986,0.6109166169229938
all_banks,2022-09-30,demand_plus_mmda_to_assets,4796,0.39755873253002366,0.5244133537084414,0.640621127134146,0.7072059867743493,0.825078860336167
all_banks,2022-09-30,htm_ac_minus_fv_to_equity,4764,0.0,0.006307170383356449,0.12129679328603231,0.2694975673575564,0.6112258495531082
all_banks,2022-09-30,htm_to_assets,4796,0.0,0.01510193116216756,0.12392569129825479,0.22502316173415746,0.4585053263233803
all_banks,2022-09-30,htm_to_total_securities,4677,0.0,0.11650851843864568,0.6564797967229333,1.0,1.0
all_banks,2022-09-30,nonmaturity_dep_to_total_dep,4746,0.9660815007726516,0.9837012435713004,0.9930762261583218,0.9974531106975117,1.0
all_banks,2022-09-30,total_ac_minus_fv_to_equity,4764,0.2632947978043387,0.5654162540433268,1.0397172589470285,1.5742094190834823,5.175608867437946
all_banks,2022-09-30,total_securities_to_assets,4796,0.22266645925259893,0.3480856549117329,0.4654681848448633,0.5478202399107083,0.7251309082362558
all_banks,2022-09-30,transaction_dep_to_assets,4796,0.38523925841837275,0.4774302605846553,0.5487809540709325,0.5968757171783853,0.703034888206552
all_banks,2022-09-30,uninsured_dep_to_assets,927,0.29288439751665385,0.3931354027302637,0.49239258827568827,0.5560645996877253,0.7065047057535764
all_banks,2022-09-30,uninsured_dep_to_total_dep,927,0.3467015513241113,0.46577179671734065,0.5798262729452891,0.6678308771701894,0.8940709691970021
all_banks,2022-12-31,demand_dep_to_assets,4756,0.22884045939599715,0.31440873713905,0.4064857518574688,0.4687576022122149,0.6128361744162294
all_banks,2022-12-31,demand_plus_mmda_to_assets,4756,0.38545678116615234,0.5067458718151099,0.6217642077991369,0.6931400771533756,0.8124362997593624
all_banks,2022-12-31,htm_ac_minus_fv_to_equity,4736,0.0,0.005409969827490473,0.10558068954454414,0.23450473708801195,0.5505664921971553
all_banks,2022-12-31,htm_to_assets,4756,0.0,0.01736692639016865,0.1306103004094853,0.2288455968479097,0.4805484757154007
all_banks,2022-12-31,htm_to_total_securities,4636,0.0,0.13206938438631433,0.6696532508944719,1.0,1.0
all_banks,2022-12-31,nonmaturity_dep_to_total_dep,4704,0.9607963642404236,0.9816738647614389,0.9925055408858432,0.9973049832494674,1.0
all_banks,2022-12-31,total_ac_minus_fv_to_equity,4736,0.22496154179441813,0.47227003103487214,0.857199482787374,1.244909426081761,3.5186083192484627
all_banks,2022-12-31,total_securities_to_assets,4756,0.22199316339383784,0.3421716855693648,0.46333213012596947,0.5437813213204701,0.710488420621116
all_banks,2022-12-31,transaction_dep_to_assets,4756,0.3797177540331793,0.4703527444397162,0.5428216030323717,0.5917317452070513,0.6901662705921752
all_banks,2022-12-31,uninsured_dep_to_assets,923,0.2814907332495703,0.37353208781879765,0.4649077501578145,0.5236812367131926,0.6878095565122685
all_banks,2022-12-31,uninsured_dep_to_total_dep,923,0.34186870805577124,0.4456986392343346,0.5555320253367132,0.6480061898031714,0.8526023243792354
all_banks,2023-03-31,demand_dep_to_assets,4724,0.22073166544067085,0.3010799615931026,0.3939006060955387,0.454740765761311,0.5858068946628899
all_banks,2023-03-31,demand_plus_mmda_to_assets,4724,0.36975755736827115,0.48734690853118967,0.6027153478889484,0.6641416850254229,0.7787063873584669
all_banks,2023-03-31,htm_ac_minus_fv_to_equity,4711,0.0,0.003886099067750689,0.08493496653617881,0.18955136448219298,0.45087507332294274
all_banks,2023-03-31,htm_to_assets,4724,0.0,0.016968860573171415,0.12783697456485532,0.2278371815810565,0.4699856409327597
all_banks,2023-03-31,htm_to_total_securities,4602,0.0,0.1317306723497237,0.6734956704573603,1.0,1.0
all_banks,2023-03-31,nonmaturity_dep_to_total_dep,4672,0.9517351909211208,0.9761601904700121,0.9901029491238997,0.9964733002614939,1.0
all_banks,2023-03-31,total_ac_minus_fv_to_equity,4711,0.18944465610769426,0.3889613203676741,0.692272799437527,0.9956858024643294,2.6416501843931095
all_banks,2023-03-31,total_securities_to_assets,4724,0.2181789035205084,0.34091446352684973,0.4609689530690754,0.5372739799764498,0.6996391655701834
all_banks,2023-03-31,transaction_dep_to_assets,4724,0.36667386987514816,0.455820277349248,0.5276625807142631,0.5785423446901787,0.689885575428264
all_banks,2023-03-31,uninsured_dep_to_assets,961,0.26023281419985084,0.349405634787417,0.4296569819092279,0.5014014351899624,0.6386455919920591
all_banks,2023-03-31,uninsured_dep_to_total_dep,961,0.3177681683682705,0.41330173273130394,0.525422752835947,0.6050953735408781,0.8072326104389727
all_banks,2023-06-30,demand_dep_to_assets,4697,0.21402950259739487,0.29371040837276846,0.3821355489872454,0.44623832843947886,0.5862182868726817
all_banks,2023-06-30,demand_plus_mmda_to_assets,4697,0.3601894895293753,0.4706591218694331,0.5847964567506689,0.6508875482619443,0.7734447596997404
all_banks,2023-06-30,htm_ac_minus_fv_to_equity,4680,0.0,0.005202638679506211,0.09659958747438391,0.20831803948161048,0.5042432554372219
all_banks,2023-06-30,htm_to_assets,4697,0.0,0.0159013038773603,0.12411421675959818,0.2269605091147764,0.4825804866928348
all_banks,2023-06-30,htm_to_total_securities,4574,0.0,0.13006811060503323,0.6775821976351999,1.0,1.0
all_banks,2023-06-30,nonmaturity_dep_to_total_dep,4645,0.9446267484768879,0.9710327560334607,0.9875689552212042,0.9954394127322456,1.0
all_banks,2023-06-30,total_ac_minus_fv_to_equity,4680,0.20827984989334997,0.4341938622365541,0.7622107009729793,1.1071471136640525,3.2501233007916186
all_banks,2023-06-30,total_securities_to_assets,4697,0.20982403431287178,0.3286032863137057,0.44966349668375827,0.5278315304343173,0.7009257661971754
all_banks,2023-06-30,transaction_dep_to_assets,4697,0.353256008830947,0.4411722619810686,0.5151798136334519,0.5662229739716103,0.6778317913144185
all_banks,2023-06-30,uninsured_dep_to_assets,954,0.25708859048411165,0.3359781955894463,0.40882069118869746,0.4838262232653533,0.6126993181364785
all_banks,2023-06-30,uninsured_dep_to_total_dep,954,0.3119381582740961,0.4047841295521011,0.49964456588996875,0.5851241704717993,0.7909746678020028
all_banks,2023-09-30,demand_dep_to_assets,4669,0.21166672345355117,0.2910080462280157,0.37743545733504313,0.4370770695125173,0.575298320895009
all_banks,2023-09-30,demand_plus_mmda_to_assets,4669,0.3545339924350071,0.46853817990916774,0.5808411343254095,0.6457406572812384,0.7736968880076133
all_banks,2023-09-30,htm_ac_minus_fv_to_equity,4639,0.0,0.008093996258448085,0.12626842115526576,0.272164699496827,0.6609424521340292
all_banks,2023-09-30,htm_to_assets,4669,0.0,0.01530590532751422,0.1210560662046832,0.21778129240832003,0.4718664906039625
all_banks,2023-09-30,htm_to_total_securities,4544,0.0,0.12959567039049036,0.6750410102223917,1.0,1.0
all_banks,2023-09-30,nonmaturity_dep_to_total_dep,4614,0.938839438868736,0.9663126146419301,0.9852956448751761,0.9944250538911901,1.0
all_banks,2023-09-30,total_ac_minus_fv_to_equity,4639,0.24769894628961214,0.5392900829449825,0.9934561704736071,1.5361232796284474,4.420790968545734
all_banks,2023-09-30,total_securities_to_assets,4669,0.20101763104957993,0.3157610937805346,0.4344510120530697,0.522663199565736,0.6923236527079684
all_banks,2023-09-30,transaction_dep_to_assets,4669,0.34656708282945276,0.4347003154574132,0.5088445219148754,0.5598017570594054,0.684454309638276
all_banks,2023-09-30,uninsured_dep_to_assets,949,0.25865872530105244,0.3392537822889195,0.4058037827698752,0.4820982262016408,0.6356243158878685
all_banks,2023-09-30,uninsured_dep_to_total_dep,949,0.31127134871292766,0.4037918592179225,0.5036295630280399,0.5726827645201814,0.8122086919083401
all_banks,2023-12-31,demand_dep_to_assets,4641,0.20740572260383022,0.2849361334721552,0.3703906735730971,0.4324471157883235,0.5698481308074907
all_banks,2023-12-31,demand_plus_mmda_to_assets,4641,0.34857854078128025,0.4591116301113516,0.5708237137975265,0.6423186215312972,0.7712681330732423
all_banks,2023-12-31,htm_ac_minus_fv_to_equity,4628,0.0,0.0032607850211598954,0.0744559258224832,0.16219318451661188,0.42383595770959986
all_banks,2023-12-31,htm_to_assets,4641,0.0,0.014223151072548167,0.1159897461183438,0.21030563999475504,0.4665265867427949
all_banks,2023-12-31,htm_to_total_securities,4516,0.0,0.1201309120470567,0.6539188684353202,1.0,1.0
all_banks,2023-12-31,nonmaturity_dep_to_total_dep,4585,0.93422534198989,0.962941767411771,0.9832582872249689,0.9932124410121735,1.0
all_banks,2023-12-31,total_ac_minus_fv_to_equity,4628,0.15762892195074424,0.34009564348713095,0.595284692950354,0.8553424903745862,2.0132282613025807
all_banks,2023-12-31,total_securities_to_assets,4641,0.20076289587449384,0.313450598475927,0.4347302661547472,0.5177689873417721,0.6622755014643744
all_banks,2023-12-31,transaction_dep_to_assets,4641,0.34044898097595716,0.426103220310735,0.5020737170528288,0.5530960486502386,0.6761424912337606
all_banks,2023-12-31,uninsured_dep_to_assets,945,0.25389463761513104,0.3395354850972648,0.40205959473596986,0.48088035295982007,0.6253629412918201
all_banks,2023-12-31,uninsured_dep_to_total_dep,945,0.31029324920743456,0.4095349333673592,0.5011616748700521,0.578725551306402,0.7970800077066879
all_banks,2024-03-31,demand_dep_to_assets,4623,0.20176040630040148,0.27929398523256344,0.3648576613923918,0.4216048589293778,0.5706917137710121
all_banks,2024-03-31,demand_plus_mmda_to_assets,4623,0.3441590345238849,0.45058386107070647,0.5699386920076486,0.639157380709624,0.7781093469782844
all_banks,2024-03-31,htm_ac_minus_fv_to_equity,4609,0.0,0.0037156398104265403,0.07934798222375271,0.17289820893008245,0.44366002271953986
all_banks,2024-03-31,htm_to_assets,4623,0.0,0.013406895011817821,0.111323427591727,0.2054158232663652,0.46556828997770733
all_banks,2024-03-31,htm_to_total_securities,4500,0.0,0.11535170746846271,0.6353196569002546,0.9997486413551939,1.0
all_banks,2024-03-31,nonmaturity_dep_to_total_dep,4567,0.9296075128768607,0.9592890696891783,0.9807729737607269,0.9923084925711103,1.0
all_banks,2024-03-31,total_ac_minus_fv_to_equity,4609,0.16399791895485288,0.3589995095635115,0.6388292071369781,0.9333696390577142,2.16169268256649
all_banks,2024-03-31,total_securities_to_assets,4623,0.19297007212734957,0.30524821681009595,0.4285474553951435,0.5121868551137048,0.6751228864813187
all_banks,2024-03-31,transaction_dep_to_assets,4623,0.3334132095703789,0.41769895268921475,0.4948126741003489,0.5460664293124612,0.671221481935268
all_banks,2024-03-31,uninsured_dep_to_assets,987,0.2534177845781589,0.3313316052135209,0.4017677715427559,0.4711554870909997,0.6067194800261803
all_banks,2024-03-31,uninsured_dep_to_total_dep,987,0.3044529472428273,0.39976618260957664,0.49260704031037567,0.5605037962209436,0.7864689652384095
all_banks,2024-06-30,demand_dep_to_assets,4594,0.19926936892134867,0.27613560241777463,0.36260506176875396,0.42122210410467276,0.5693495487364296
all_banks,2024-06-30,demand_plus_mmda_to_assets,4594,0.33887500158216516,0.45030215597646933,0.5631497121607792,0.6337441077365223,0.7757897747546652
all_banks,2024-06-30,htm_ac_minus_fv_to_equity,4583,0.0,0.0035334350502593415,0.07737822965666394,0.16939226733977136,0.43156724394701906
all_banks,2024-06-30,htm_to_assets,4594,0.0,0.012842738755476969,0.1074326100514511,0.20156545759894395,0.4514947034740267
all_banks,2024-06-30,htm_to_total_securities,4471,0.0,0.1152321356309226,0.6335837733753884,0.9997843460275042,1.0
all_banks,2024-06-30,nonmaturity_dep_to_total_dep,4537,0.9261627508760438,0.9564612510947661,0.9796404021131814,0.9915865451481861,1.0
all_banks,2024-06-30,total_ac_minus_fv_to_equity,4583,0.15821543107963648,0.3473340962436857,0.6215377717167908,0.8858159936391112,2.0998643995310045
all_banks,2024-06-30,total_securities_to_assets,4594,0.19175778025938972,0.2997904805863918,0.4232558539867615,0.5073493367343308,0.6719694745025436
all_banks,2024-06-30,transaction_dep_to_assets,4594,0.328121301219086,0.41101615954874565,0.48648575661877475,0.5401210919173246,0.6688356730444528
all_banks,2024-06-30,uninsured_dep_to_assets,985,0.252545236824767,0.32975455739511444,0.40003544641369343,0.4697833506473001,0.6171120712137299
all_banks,2024-06-30,uninsured_dep_to_total_dep,984,0.30478838740127595,0.397829877223566,0.4892307780295407,0.5582418986124617,0.7860641800473754
all_banks,2024-09-30,demand_dep_to_assets,4572,0.19827670499435276,0.2743546191481432,0.3612518647557316,0.4151882745625369,0.5704856974685483
all_banks,2024-09-30,demand_plus_mmda_to_assets,4572,0.3364509603662839,0.44997686795810904,0.5642350244337805,0.6350168898206349,0.7840427833272194
all_banks,2024-09-30,htm_ac_minus_fv_to_equity,4565,0.0,0.0007867476725381354,0.04908318423733811,0.11800295056744767,0.3091782781148992
all_banks,2024-09-30,htm_to_assets,4572,0.0,0.012099356909801046,0.10197336757017844,0.19350482222643953,0.43965781394327447
all_banks,2024-09-30,htm_to_total_securities,4449,0.0,0.10525245954955688,0.6093242571881433,0.9999148893948026,1.0
all_banks,2024-09-30,nonmaturity_dep_to_total_dep,4516,0.9229557067219287,0.9536567889116647,0.9781150389736156,0.9907496380927522,1.0
all_banks,2024-09-30,total_ac_minus_fv_to_equity,4565,0.10234316132325418,0.23316708229426433,0.41135883490649094,0.5797850844416128,1.1315687077686403
all_banks,2024-09-30,total_securities_to_assets,4572,0.19056210319100653,0.29855618911704923,0.4207496259754658,0.5076531823677944,0.6700861322665672
all_banks,2024-09-30,transaction_dep_to_assets,4572,0.32316850926835955,0.40506404408714203,0.48185453429051817,0.534467776574745,0.6596262563987086
all_banks,2024-09-30,uninsured_dep_to_assets,975,0.25580731653506544,0.3386216859590945,0.40741678207362475,0.4734371536556412,0.654549194537731
all_banks,2024-09-30,uninsured_dep_to_total_dep,975,0.30948885349797023,0.40259358316499355,0.4918760783458925,0.5603924012428491,0.8223229737764495
all_banks,2024-12-31,demand_dep_to_assets,4543,0.20042723704172363,0.28059384836613604,0.37014652082154953,0.4288194534287288,0.5843520086576922
all_banks,2024-12-31,demand_plus_mmda_to_assets,4543,0.3384269008379943,0.45392457543910414,0.5713507174413859,0.6470828988607971,0.7923384787113409
all_banks,2024-12-31,htm_ac_minus_fv_to_equity,4533,0.0,0.0021764805129070356,0.0676436429049722,0.15531834608642345,0.4246972604492724
all_banks,2024-12-31,htm_to_assets,4543,0.0,0.011446804793815931,0.09932130724271149,0.1869560211701381,0.43977748958269447
all_banks,2024-12-31,htm_to_total_securities,4415,0.0,0.09995058035724753,0.593691634166854,0.9997353389705814,1.0
all_banks,2024-12-31,nonmaturity_dep_to_total_dep,4485,0.9215714947235017,0.9529333076789166,0.9771592446327537,0.9902974600316823,1.0
all_banks,2024-12-31,total_ac_minus_fv_to_equity,4533,0.13834035944086975,0.3120323870042021,0.5763912064851011,0.842141284605826,1.8943401998973741
all_banks,2024-12-31,total_securities_to_assets,4543,0.18342651090128417,0.28974644108629644,0.4109569821720352,0.494404125391329,0.6589864898695857
all_banks,2024-12-31,transaction_dep_to_assets,4543,0.3286691821285719,0.4140777337679351,0.49329682979825473,0.5460722550527514,0.6751591211620025
all_banks,2024-12-31,uninsured_dep_to_assets,977,0.26181755524871525,0.3438114535282823,0.4167402503517072,0.4869698686086986,0.6375617794532553
all_banks,2024-12-31,uninsured_dep_to_total_dep,977,0.31279267241100117,0.40428037300660163,0.5018892237617315,0.5639423474509374,0.8308292450816731
all_banks,2025-03-31,demand_dep_to_assets,4519,0.2011913081095471,0.28197982527116594,0.3669062518785799,0.42999255832510425,0.5848476423424306
all_banks,2025-03-31,demand_plus_mmda_to_assets,4519,0.34234576669774247,0.4547230173706751,0.5720085310366325,0.645526544820704,0.7958173408229532
all_banks,2025-03-31,htm_ac_minus_fv_to_equity,4511,0.0,0.001495833461051139,0.057263409691190884,0.13677191796276847,0.38626607300580945
all_banks,2025-03-31,htm_to_assets,4519,0.0,0.010962267225487293,0.09607193443636917,0.17911021521862144,0.43124240831833544
all_banks,2025-03-31,htm_to_total_securities,4391,0.0,0.09978730413711798,0.5967682448941958,0.9996983481499271,1.0
all_banks,2025-03-31,nonmaturity_dep_to_total_dep,4462,0.921304934903874,0.9531855055598024,0.9767326125769555,0.9904942636042562,1.0
all_banks,2025-03-31,total_ac_minus_fv_to_equity,4511,0.1146215301199812,0.26241223989799456,0.4893248701673399,0.7063782848719697,1.527103234711479
all_banks,2025-03-31,total_securities_to_assets,4519,0.1824088059901427,0.28425495166289916,0.40885070916783783,0.4881727597058356,0.6560712948560825
all_banks,2025-03-31,transaction_dep_to_assets,4519,0.32905568322717965,0.41223090624755176,0.49231808332263594,0.5449934492993143,0.6680014039734312
all_banks,2025-03-31,uninsured_dep_to_assets,1008,0.2601258088559552,0.34452697743963123,0.41732274771968464,0.4746487124305165,0.6602258357278604
all_banks,2025-03-31,uninsured_dep_to_total_dep,1008,0.31097996292547764,0.40833833077280013,0.49947050414328886,0.559222016478057,0.8037289937484834
all_banks,2025-06-30,demand_dep_to_assets,4477,0.19805940128662705,0.2792534941041369,0.3670213399830398,0.426623899581002,0.5719067343532253
all_banks,2025-06-30,demand_plus_mmda_to_assets,4477,0.34000025580277304,0.451421760130084,0.56830122037236,0.6451227593192365,0.7949345571117229
all_banks,2025-06-30,htm_ac_minus_fv_to_equity,4467,0.0,0.0011184066749111406,0.05286669058310583,0.13259573670031272,0.3808096889582156
all_banks,2025-06-30,htm_to_assets,4477,0.0,0.010441029067824925,0.09479434010324717,0.17722579634303623,0.4341094186749849
all_banks,2025-06-30,htm_to_total_securities,4346,0.0,0.09772347878103667,0.5942450651884539,0.9992852458854663,1.0
all_banks,2025-06-30,nonmaturity_dep_to_total_dep,4420,0.9195758739419279,0.9517551730916397,0.9764104449024822,0.9899690208171545,1.0
all_banks,2025-06-30,total_ac_minus_fv_to_equity,4467,0.10406455842412513,0.2462538431992244,0.46691807423940546,0.6919683523937832,1.5329843332570672
all_banks,2025-06-30,total_securities_to_assets,4477,0.18049869482759828,0.2822685343354971,0.40922507302308253,0.4874594742523634,0.6693712111230269
all_banks,2025-06-30,transaction_dep_to_assets,4477,0.3252930328904158,0.40845575776905135,0.4882855626106743,0.5354540694701141,0.662778084908788
all_banks,2025-06-30,uninsured_dep_to_assets,1003,0.26159523715074234,0.3437822335604115,0.41420122514233004,0.4830375468103218,0.6109543970537838
all_banks,2025-06-30,uninsured_dep_to_total_dep,1003,0.313302632355794,0.4096114164488711,0.5035138786538184,0.5737261308714673,0.804285417505671
all_banks,2025-09-30,demand_dep_to_assets,4435,0.19822599477259176,0.28005006417748046,0.37007839579968377,0.42905225685591125,0.5685483220281792
all_banks,2025-09-30,demand_plus_mmda_to_assets,4435,0.33927753761397766,0.4539308658793602,0.5721859817688005,0.6442571276188839,0.8025872030199591
all_banks,2025-09-30,htm_ac_minus_fv_to_equity,4433,0.0,0.00029251170046801873,0.04033917232932603,0.09966092580194885,0.29940274450900833
all_banks,2025-09-30,htm_to_assets,4435,0.0,0.009582435669961054,0.09064491421580136,0.17244639020353653,0.42600973988076446
all_banks,2025-09-30,htm_to_total_securities,4304,0.0,0.09289030139917191,0.5637104175114864,0.99082368131008,1.0
all_banks,2025-09-30,nonmaturity_dep_to_total_dep,4376,0.9177224945283248,0.9512506373209011,0.9758263358902306,0.9894373777699902,1.0
all_banks,2025-09-30,total_ac_minus_fv_to_equity,4433,0.07601223305538855,0.1868584033256978,0.35497841514310025,0.5045539055958143,1.0164000941042028
all_banks,2025-09-30,total_securities_to_assets,4435,0.17928999438802296,0.2829298617361984,0.4052532773371003,0.48640750902352536,0.6583221454837536
all_banks,2025-09-30,transaction_dep_to_assets,4435,0.32254787269995266,0.4048501843207636,0.48204466928005546,0.5307132511557775,0.6509741612647982
all_banks,2025-09-30,uninsured_dep_to_assets,986,0.26650470363347456,0.35122153669825085,0.42567937456643107,0.4875691723866008,0.6289554365683535
all_banks,2025-09-30,uninsured_dep_to_total_dep,986,0.3179181729824765,0.41628062300861013,0.5116883715456981,0.5772143379805501,0.8081475301504788
all_banks,2025-12-31,demand_dep_to_assets,4392,0.19992320341875588,0.28082361882694845,0.3742591842073578,0.43484887770493214,0.5675031458237446
all_banks,2025-12-31,demand_plus_mmda_to_assets,4392,0.342000012598595,0.45856578559442296,0.575743054467771,0.6492610865902195,0.7950735520995351
all_banks,2025-12-31,htm_ac_minus_fv_to_equity,4390,0.0,0.0001466035418140335,0.0333828906244395,0.08842588520017983,0.2725950303710578
all_banks,2025-12-31,htm_to_assets,4392,0.0,0.008647494734649059,0.08774801248189104,0.1627607480342005,0.4180947771892979
all_banks,2025-12-31,htm_to_total_securities,4260,0.0,0.08691246324760898,0.5440942513958623,0.9799944548041878,1.0
all_banks,2025-12-31,nonmaturity_dep_to_total_dep,4336,0.9180087330975084,0.9514657181605519,0.9755986154529828,0.9898896553624195,1.0
all_banks,2025-12-31,total_ac_minus_fv_to_equity,4390,0.06455815983609746,0.1635589584264932,0.315510297836077,0.4532752663320578,0.9068926410922333
all_banks,2025-12-31,total_securities_to_assets,4392,0.17707200449178506,0.27984118140275716,0.39952501965270654,0.4814321788982578,0.6577534688891113
all_banks,2025-12-31,transaction_dep_to_assets,4392,0.3262188814550139,0.40989559504628736,0.48937460479932543,0.5356352877036142,0.6650501963753562
all_banks,2025-12-31,uninsured_dep_to_assets,977,0.26929404258781114,0.35230083062705503,0.42714856288681735,0.49049300801223744,0.6455939596963317
all_banks,2025-12-31,uninsured_dep_to_total_dep,977,0.32264291793093647,0.42056515604664385,0.5216686815870596,0.5808826239513268,0.8182519567374357
